149,sumaya@sahajjo.com,96e79218965eb72c92a549dd5a330112,saa,sarker,erererer,11111,ra,bonosree,23412432,dsfdg@gmail.com,premium_amount,"2016-01-21 08:03:27","2016-02-21 00:00:00","2016-01-21 08:03:27",0,234343,dfsdfdsgdgfdg,retertyry,ftgfdhgfh,43253543,trfghtfh@gmail.com,2011,43434.00,232434.00,12
150,sraboni@gmail.com,96e79218965eb72c92a549dd5a330112,sraboni,akhtar,developer,365432,rssoftware,bonosree,23412432,sharmin@gmail.com,premium_amount,"2016-01-21 08:19:34","2016-02-21 00:00:00","2016-01-21 08:19:34",0,123456,sraboni,akhtar,developer,3622432,moriyum@gmail.com,2012,1000.00,1200.00,32
151,sumaiya@gmail.com,96e79218965eb72c92a549dd5a330112,sumaiya,akhtar,developer,652132,rssoftwate,bonosree,23412432,dsfdg@gmail.com,premium_amount,"2016-01-21 08:33:43","2016-02-21 00:00:00","2016-01-21 08:33:43",0,123456,dfsdfdsgdgfdg,retertyry,tretrytu,43253543,trfghtfh@gmail.com,2011,43434.00,232434.00,23
153,hi@sahajjo.com,96e79218965eb72c92a549dd5a330112,hira,rahman,designer,01683856198,"rs soft",baganbari,01683856111,hira@gmail.com," Expired","2016-01-23 03:20:30","0000-00-00 00:00:00","0000-00-00 00:00:00",0,,,,,,,0,0.00,0.00,0
154,sumaya@sahajjofgf.com,96e79218965eb72c92a549dd5a330112,sdfsfdgfd,fdgfdghfhfg,fghfghgfh,3432432,fdgfhgfh,yhghgj,2132,dfgsdfgfdh@gmail.com," Expired","2016-01-23 05:07:30","2016-01-23 05:07:30","2016-01-23 05:07:30",0,,rtetretry,,,,ewrtetre@gmail.com,0,0.00,2321321.00,0
155,kona@gmail.com,96e79218965eb72c92a549dd5a330112,khadiza,akhtar,teacher,,"rs software",yhghgj,,dfgsdfgfdh@gmail.com," Expired","2016-01-23 05:10:38","2016-01-23 05:10:38","2016-01-23 05:10:38",0,,gfdgfhfhhh,,,,ewrtetre@gmail.com,2011,23424.00,2321321.00,0
159,kona@gmail.com,96e79218965eb72c92a549dd5a330112,khadiza,akhtar,teacher,,"rs software",yhghgj,,dfgsdfgfdh@gmail.com," Expired","2016-01-23 05:19:54","2016-01-23 05:19:54","2016-01-23 05:19:54",0,,gfdgfhfhhh,,,,ewrtetre@gmail.com,2011,23424.00,2321321.00,0
160,kona@gmail.com,96e79218965eb72c92a549dd5a330112,khadiza,akhtar,teacher,,"rs software",yhghgj,,dfgsdfgfdh@gmail.com," Expired","2016-01-23 05:21:20","2016-01-23 05:21:20","2016-01-23 05:21:20",0,,gfdgfhfhhh,,,,ewrtetre@gmail.com,2011,23424.00,2321321.00,0
161,kona@gmail.com,96e79218965eb72c92a549dd5a330112,khadiza,akhtar,teacher,,"rs software",yhghgj,,dfgsdfgfdh@gmail.com," Expired","2016-01-23 05:23:14","2016-01-23 05:23:14","2016-01-23 05:23:14",0,,gfdgfhfhhh,,,,ewrtetre@gmail.com,2011,23424.00,2321321.00,0
162,kona@gmail.com,96e79218965eb72c92a549dd5a330112,khadiza,akhtar,teacher,,"rs software",yhghgj,,dfgsdfgfdh@gmail.com," Expired","2016-01-23 05:24:33","2016-01-23 05:24:33","2016-01-23 05:24:33",0,,gfdgfhfhhh,,,,ewrtetre@gmail.com,2011,23424.00,2321321.00,0
163,kona@gmail.com,96e79218965eb72c92a549dd5a330112,khadiza,akhtar,teacher,,"rs software",yhghgj,,dfgsdfgfdh@gmail.com," Expired","2016-01-23 05:25:56","2016-01-23 05:25:56","2016-01-23 05:25:56",0,,gfdgfhfhhh,,,,ewrtetre@gmail.com,2011,23424.00,2321321.00,0
164,kona@gmail.com,96e79218965eb72c92a549dd5a330112,khadiza,akhtar,teacher,,"rs software",yhghgj,,dfgsdfgfdh@gmail.com," Expired","2016-01-23 05:37:44","2016-01-23 05:37:44","2016-01-23 05:37:44",0,,gfdgfhfhhh,,,,ewrtetre@gmail.com,2011,23424.00,2321321.00,0
167,minju@gmail.com,96e79218965eb72c92a549dd5a330112,minju,akhtar,teacher,234243,"rs software","bonosree ,dhaka",3213214,org@gmail.com,associate_amount,"2016-01-23 06:33:12","2016-02-23 00:00:00","2016-01-23 06:33:12",0,32432432,minju,akhtar,retretryry,454354,mona@gmail.com,2014,23424.00,2321321.00,34
168,hira.rfrg@sahajjo.com,96e79218965eb72c92a549dd5a330112,adminfdgdf,ghjgh,fgfer,01683856198,rssefsd,baganbarighghg,01683856123,hira@gmail.com," Expired","2016-01-23 07:20:45","0000-00-00 00:00:00","0000-00-00 00:00:00",0,,,,,,,0,0.00,0.00,0
174,khadizafggh@sahajjo.com,96e79218965eb72c92a549dd5a330112,khadiza,"sarker fdgsd",developer,5243523452,"rs software",bonosree,5432532,org@gmail.com,premium_amount,"2016-01-23 11:49:24","2016-02-23 00:00:00","2016-01-23 11:49:24",0,123213,khadiza,sarker,teacher,25342513,shcdshg@gmail.com,2011,1200.00,523426432.00,25
177,gvhg@sahajjo.com,96e79218965eb72c92a549dd5a330112,Salma,Begum,developer,01683856198,rs,baganbari,01683856123,hira.rahman@sahajjo.com," Expired","2016-01-23 22:14:03","0000-00-00 00:00:00","0000-00-00 00:00:00",0,1214,salma,rahman,developer,01683856123,hira.rahman@sahajjo.com,2013,3243.00,456.00,12
181,khadiza@sahajjo.com,96e79218965eb72c92a549dd5a330112,khadiza,sarker,developer,234243,"rs software","bonosree ,dhaka",2132,dfgsdfgfdh@gmail.com,premium_amount,"2016-01-24 00:35:25","2016-02-24 00:00:00","2016-01-24 00:35:25",0,32432432,khadiza,akhtar,developer,454354,mona@gmail.com,2012,23424.00,2321321.00,34
182,hira.rahman@sahajjo.com,e10adc3949ba59abbe56e057f20f883e,Sumona,odhora,acc,01683856222,rs,baganbarighghg,01683856123,hira@gmail.com," Expired","2016-01-24 04:21:15","0000-00-00 00:00:00","0000-00-00 00:00:00",0,121266,admin,sss,sse,01683856123,hira.rahman@sahajjo.com,2011,3423.00,45646.00,56
